{
  "gcn": {
    "avg_auc": 0.6824137062232299,
    "avg_ap": 0.7313912146055003,
    "std_auc": 0.19369573736203308,
    "std_ap": 0.16983937087086895,
    "num_experiments": 5
  },
  "gat": {
    "avg_auc": 0.5,
    "avg_ap": 0.5,
    "std_auc": 0.0,
    "std_ap": 0.0,
    "num_experiments": 5
  },
  "sage": {
    "avg_auc": 0.8235449735449736,
    "avg_ap": 0.7897993540850684,
    "std_auc": 0.13191325079376584,
    "std_ap": 0.15407855971700948,
    "num_experiments": 5
  }
}