{
  "gcn": {
    "avg_auc": 0.6737557251472058,
    "avg_ap": 0.7621726611624029,
    "std_auc": 0.2730732136818602,
    "std_ap": 0.1799410300694011,
    "num_experiments": 236
  },
  "gat": {
    "avg_auc": 0.5427380335251311,
    "avg_ap": 0.6687377472071391,
    "std_auc": 0.2866889882979689,
    "std_ap": 0.18580446865331426,
    "num_experiments": 236
  },
  "sage": {
    "avg_auc": 0.708846351308239,
    "avg_ap": 0.7771431980583938,
    "std_auc": 0.27094362285963564,
    "std_ap": 0.1837265455477443,
    "num_experiments": 236
  }
}