{
  "gcn": {
    "avg_auc": 0.7605694129503653,
    "avg_ap": 0.7879306407877836,
    "std_auc": 0.15415917699829412,
    "std_ap": 0.16321037255647944,
    "num_experiments": 5
  },
  "gat": {
    "avg_auc": 0.5951625094482237,
    "avg_ap": 0.6758762533762533,
    "std_auc": 0.13447201681079035,
    "std_ap": 0.13281419616868298,
    "num_experiments": 5
  },
  "sage": {
    "avg_auc": 0.7827916351725875,
    "avg_ap": 0.7940395759443378,
    "std_auc": 0.18055715953259632,
    "std_ap": 0.16973087439713302,
    "num_experiments": 5
  }
}