{
  "gcn": {
    "avg_auc": 0.6991811539430588,
    "avg_ap": 0.7317908678622964,
    "std_auc": 0.2176700600719649,
    "std_ap": 0.17248618155894188,
    "num_experiments": 5
  },
  "gat": {
    "avg_auc": 0.45,
    "avg_ap": 0.4822222222222222,
    "std_auc": 0.06666666666666667,
    "std_ap": 0.02287917809108221,
    "num_experiments": 5
  },
  "sage": {
    "avg_auc": 0.7619425547996975,
    "avg_ap": 0.7663616894569275,
    "std_auc": 0.22406605194391932,
    "std_ap": 0.1805450371096468,
    "num_experiments": 5
  }
}