{
  "gcn": {
    "avg_auc": 0.7123204837490553,
    "avg_ap": 0.7054413047270189,
    "std_auc": 0.13221198146991817,
    "std_ap": 0.14055611038996071,
    "num_experiments": 5
  },
  "gat": {
    "avg_auc": 0.7134857646762409,
    "avg_ap": 0.754011658535468,
    "std_auc": 0.164420668739586,
    "std_ap": 0.1325558043500315,
    "num_experiments": 5
  },
  "sage": {
    "avg_auc": 0.8251574703955656,
    "avg_ap": 0.8217444724587581,
    "std_auc": 0.1287192959736292,
    "std_ap": 0.141426708285382,
    "num_experiments": 5
  }
}